id,url
778,https://participedia.ctweb08.ct.coop/en/organizations/d-democracia-em-movimento-portugal
4456,https://participedia.ctweb08.ct.coop/en/organizations/21st-century-dialogue
4693,https://participedia.ctweb08.ct.coop/en/organizations/92nd-street-y
4914,https://participedia.ctweb08.ct.coop/en/organizations/aboriginal-youth-opportunities-ayo
4800,https://participedia.ctweb08.ct.coop/en/organizations/actions-solidaires-de-soutien-aux-organisations-et-d-appui-aux-libert-s-society
281,https://participedia.ctweb08.ct.coop/en/organizations/adels
782,https://participedia.ctweb08.ct.coop/en/organizations/age-sector-platform
348,https://participedia.ctweb08.ct.coop/en/organizations/agir-pour-la-d-mocratie-directe
2017,https://participedia.ctweb08.ct.coop/en/organizations/airesis-tecnologie-democratiche
333,https://participedia.ctweb08.ct.coop/en/organizations/aktiv-demokrati
4540,https://participedia.ctweb08.ct.coop/en/organizations/all-pakistani-alliance-katchi-abadis
5068,https://participedia.ctweb08.ct.coop/en/organizations/allensbacher-gemeinderat
320,https://participedia.ctweb08.ct.coop/en/organizations/alliance-education
255,https://participedia.ctweb08.ct.coop/en/organizations/american-office-public-engagement
259,https://participedia.ctweb08.ct.coop/en/organizations/americans-discuss-social-security
698,https://participedia.ctweb08.ct.coop/en/organizations/americans-elect
199,https://participedia.ctweb08.ct.coop/en/organizations/americaspeaks
4598,https://participedia.ctweb08.ct.coop/en/organizations/ancestral-pride
267,https://participedia.ctweb08.ct.coop/en/organizations/annenberg-institute-school-reform
4462,https://participedia.ctweb08.ct.coop/en/organizations/annie-bolitho-associates
536,https://participedia.ctweb08.ct.coop/en/organizations/anonymous
1234,https://participedia.ctweb08.ct.coop/en/organizations/anti-corruption-and-civil-rights-commission-republic-korea
4997,https://participedia.ctweb08.ct.coop/en/organizations/apathy-boring
336,https://participedia.ctweb08.ct.coop/en/organizations/apsa-task-force-democracy-economic-security-and-social-justice
351,https://participedia.ctweb08.ct.coop/en/organizations/artworks-creative-communities
637,https://participedia.ctweb08.ct.coop/en/organizations/ascentum
1114,https://participedia.ctweb08.ct.coop/en/organizations/asian-community-development-corporation
4904,https://participedia.ctweb08.ct.coop/en/organizations/assembly
640,https://participedia.ctweb08.ct.coop/en/organizations/association-societal-participation
4654,https://participedia.ctweb08.ct.coop/en/organizations/association-women-development-awid
784,https://participedia.ctweb08.ct.coop/en/organizations/association-italia-150
4235,https://participedia.ctweb08.ct.coop/en/organizations/associative-action-laction-associative
5235,https://participedia.ctweb08.ct.coop/en/organizations/ati-drh-architetti-associati-criteria-srl
476,https://participedia.ctweb08.ct.coop/en/organizations/auckland-council
1108,https://participedia.ctweb08.ct.coop/en/organizations/australian-department-education-employment-and-workplace-relations
493,https://participedia.ctweb08.ct.coop/en/organizations/australian-study-circles-network
4775,https://participedia.ctweb08.ct.coop/en/organizations/autorit-di-bacino-del-fiume-po
4768,https://participedia.ctweb08.ct.coop/en/organizations/avventura-urbana
4519,https://participedia.ctweb08.ct.coop/en/organizations/awami-workers-party
544,https://participedia.ctweb08.ct.coop/en/organizations/backbone-campaign
297,https://participedia.ctweb08.ct.coop/en/organizations/balkan-assist
340,https://participedia.ctweb08.ct.coop/en/organizations/ballot-initiative-strategy-center
4555,https://participedia.ctweb08.ct.coop/en/organizations/bang-table
5395,https://participedia.ctweb08.ct.coop/en/organizations/battle-net
4837,https://participedia.ctweb08.ct.coop/en/organizations/berkeley-institute-data-science-deliberating-online-working-group
756,https://participedia.ctweb08.ct.coop/en/organizations/bertelsmann-stiftung
374,https://participedia.ctweb08.ct.coop/en/organizations/bettermeansorg
4407,https://participedia.ctweb08.ct.coop/en/organizations/binary-objects-gmbh
603,https://participedia.ctweb08.ct.coop/en/organizations/black-rock-city-llc
4356,https://participedia.ctweb08.ct.coop/en/organizations/black-sash
5202,https://participedia.ctweb08.ct.coop/en/organizations/blufink-coop-sociale-onlus
1113,https://participedia.ctweb08.ct.coop/en/organizations/bostons-metropolitan-area-planning-council
331,https://participedia.ctweb08.ct.coop/en/organizations/bush-radio
254,https://participedia.ctweb08.ct.coop/en/organizations/people
5069,https://participedia.ctweb08.ct.coop/en/organizations/b-rgergemeinschaft-egg-e-v
703,https://participedia.ctweb08.ct.coop/en/organizations/california-citizens-redistricting-commission-0
653,https://participedia.ctweb08.ct.coop/en/organizations/california-citizens-redistricting-commission
322,https://participedia.ctweb08.ct.coop/en/organizations/canadian-community-dialogue-and-deliberation
632,https://participedia.ctweb08.ct.coop/en/organizations/canadian-policy-research-networks-cprn
5096,https://participedia.ctweb08.ct.coop/en/organizations/carcrosstagish-first-nation
5221,https://participedia.ctweb08.ct.coop/en/organizations/cdca-centro-documentazione-sui-conflitti-ambientali
539,https://participedia.ctweb08.ct.coop/en/organizations/center-communication-and-civic-engagement
4714,https://participedia.ctweb08.ct.coop/en/organizations/center-comparative-urban-governance-fudan-university-china
490,https://participedia.ctweb08.ct.coop/en/organizations/center-engaged-democracy
585,https://participedia.ctweb08.ct.coop/en/organizations/center-nanotechnology-society-arizona-state-university-cns-asu
1047,https://participedia.ctweb08.ct.coop/en/organizations/center-substance-abuse-prevention-csap
4653,https://participedia.ctweb08.ct.coop/en/organizations/center-wise-democracy
1131,https://participedia.ctweb08.ct.coop/en/organizations/central-information-commission-government-india
319,https://participedia.ctweb08.ct.coop/en/organizations/centre-citizens-participation-african-union-ccp-au
243,https://participedia.ctweb08.ct.coop/en/organizations/centre-citizenship-globalization-and-governance-c2g2
242,https://participedia.ctweb08.ct.coop/en/organizations/centre-civil-society-india
241,https://participedia.ctweb08.ct.coop/en/organizations/centre-civil-society-uk
4965,https://participedia.ctweb08.ct.coop/en/organizations/centre-community-organization-and-development-ccode
246,https://participedia.ctweb08.ct.coop/en/organizations/centre-lifelong-learning-and-community-engagement
280,https://participedia.ctweb08.ct.coop/en/organizations/centre-public-involvement
295,https://participedia.ctweb08.ct.coop/en/organizations/centre-research-direct-democracy-c2d
1485,https://participedia.ctweb08.ct.coop/en/organizations/centre-study-democracy
5185,https://participedia.ctweb08.ct.coop/en/organizations/centro-studi-sereno-regis
219,https://participedia.ctweb08.ct.coop/en/organizations/change-makers
783,https://participedia.ctweb08.ct.coop/en/organizations/chicago-police-department
312,https://participedia.ctweb08.ct.coop/en/organizations/chicago-public-schools-local-school-councils
4521,https://participedia.ctweb08.ct.coop/en/organizations/chit-chat
214,https://participedia.ctweb08.ct.coop/en/organizations/cidade-urban-studies-and-advisory-center
4694,https://participedia.ctweb08.ct.coop/en/organizations/citizen-university
555,https://participedia.ctweb08.ct.coop/en/organizations/citizens-voice-analysis-prospects-deliberative-democracy-finnish-health-care
4294,https://participedia.ctweb08.ct.coop/en/organizations/citizenlab
350,https://participedia.ctweb08.ct.coop/en/organizations/citizens
691,https://participedia.ctweb08.ct.coop/en/organizations/citizens-democracy-pakistan
286,https://participedia.ctweb08.ct.coop/en/organizations/citizens-direct-democracy
1180,https://participedia.ctweb08.ct.coop/en/organizations/citizens-europe
339,https://participedia.ctweb08.ct.coop/en/organizations/citizens-charge
527,https://participedia.ctweb08.ct.coop/en/organizations/citizens-chargee
208,https://participedia.ctweb08.ct.coop/en/organizations/citizenship-drc
234,https://participedia.ctweb08.ct.coop/en/organizations/citizenship-foundation
292,https://participedia.ctweb08.ct.coop/en/organizations/citizens-initiative-and-referendum
5113,https://participedia.ctweb08.ct.coop/en/organizations/city-austin
1088,https://participedia.ctweb08.ct.coop/en/organizations/city-burnsville
1074,https://participedia.ctweb08.ct.coop/en/organizations/city-dresden
5173,https://participedia.ctweb08.ct.coop/en/organizations/city-essen-north-rhine-westphalia
1049,https://participedia.ctweb08.ct.coop/en/organizations/city-hampton
1264,https://participedia.ctweb08.ct.coop/en/organizations/city-la-plata
1142,https://participedia.ctweb08.ct.coop/en/organizations/city-moscow-idaho
562,https://participedia.ctweb08.ct.coop/en/organizations/city-philadelphia
575,https://participedia.ctweb08.ct.coop/en/organizations/city-pittsburgh
1090,https://participedia.ctweb08.ct.coop/en/organizations/city-portland
1133,https://participedia.ctweb08.ct.coop/en/organizations/city-rosario-argentina
5418,https://participedia.ctweb08.ct.coop/en/organizations/city-salisbury
1012,https://participedia.ctweb08.ct.coop/en/organizations/city-solingen
1145,https://participedia.ctweb08.ct.coop/en/organizations/city-toronto
5392,https://participedia.ctweb08.ct.coop/en/organizations/city-winnipegs-office-public-engagement
740,https://participedia.ctweb08.ct.coop/en/organizations/cit-des-sciences-et-de-l-industrie-paris-france
788,https://participedia.ctweb08.ct.coop/en/organizations/civic-alliance-rebuild-downtown-new-york
328,https://participedia.ctweb08.ct.coop/en/organizations/civicus-world-alliance-citizen-participation
4358,https://participedia.ctweb08.ct.coop/en/organizations/code-south-africa
436,https://participedia.ctweb08.ct.coop/en/organizations/colbert-super-pac
4348,https://participedia.ctweb08.ct.coop/en/organizations/collaborative-design-studio-taller-de-dise-o-colaborativo
624,https://participedia.ctweb08.ct.coop/en/organizations/collective-agency
488,https://participedia.ctweb08.ct.coop/en/organizations/colorado-state-university-center-public-deliberation
1160,https://participedia.ctweb08.ct.coop/en/organizations/colorados-future-institute-common-good-regis-university
361,https://participedia.ctweb08.ct.coop/en/organizations/comedie
283,https://participedia.ctweb08.ct.coop/en/organizations/committee-social-inclusion-and-participative-democracy
5391,https://participedia.ctweb08.ct.coop/en/organizations/common-cause
4306,https://participedia.ctweb08.ct.coop/en/organizations/communica-public-affairs
221,https://participedia.ctweb08.ct.coop/en/organizations/community-audit-evaluation-centre
1241,https://participedia.ctweb08.ct.coop/en/organizations/community-capacity-builders
4902,https://participedia.ctweb08.ct.coop/en/organizations/community-development-associations-cdas
227,https://participedia.ctweb08.ct.coop/en/organizations/community-first
599,https://participedia.ctweb08.ct.coop/en/organizations/community-places
218,https://participedia.ctweb08.ct.coop/en/organizations/community-pride-unit
458,https://participedia.ctweb08.ct.coop/en/organizations/community-campus-partnerships-health
5207,https://participedia.ctweb08.ct.coop/en/organizations/comune-di-capannori
5220,https://participedia.ctweb08.ct.coop/en/organizations/comune-di-ceprano
4701,https://participedia.ctweb08.ct.coop/en/organizations/comune-di-collegno-collegno-town-council
5198,https://participedia.ctweb08.ct.coop/en/organizations/comune-di-feltre
4769,https://participedia.ctweb08.ct.coop/en/organizations/comune-di-milano-milan-city-council
5216,https://participedia.ctweb08.ct.coop/en/organizations/comune-di-perugia
4840,https://participedia.ctweb08.ct.coop/en/organizations/comune-di-pistoia-city-council-pistoia
5184,https://participedia.ctweb08.ct.coop/en/organizations/comune-di-rivalta-di-torino
4821,https://participedia.ctweb08.ct.coop/en/organizations/comune-di-soliera-soliera-town-council
429,https://participedia.ctweb08.ct.coop/en/organizations/conetica
226,https://participedia.ctweb08.ct.coop/en/organizations/consense
1710,https://participedia.ctweb08.ct.coop/en/organizations/conservation-flora-and-fauna-coff
4802,https://participedia.ctweb08.ct.coop/en/organizations/consiglio-provinciale-di-bolzano
1266,https://participedia.ctweb08.ct.coop/en/organizations/consorcio-fernando-de-los-r-os
1262,https://participedia.ctweb08.ct.coop/en/organizations/consorzio-ctts
5230,https://participedia.ctweb08.ct.coop/en/organizations/coordinamento-parco-sociale-ventaglieri-cpsv
4943,https://participedia.ctweb08.ct.coop/en/organizations/county-government-west-pokot
453,https://participedia.ctweb08.ct.coop/en/organizations/course-society-development-and-citizenship-studies-tecnol-gico-de-monterrey
4861,https://participedia.ctweb08.ct.coop/en/organizations/creative-publics-lab
5195,https://participedia.ctweb08.ct.coop/en/organizations/csf-centro-servizi-formazione
4468,https://participedia.ctweb08.ct.coop/en/organizations/cuts-international-consumer-unity-trust-society
4851,https://participedia.ctweb08.ct.coop/en/organizations/danish-board-technology
713,https://participedia.ctweb08.ct.coop/en/organizations/davenport-institute-public-engagement-and-civic-leadership-pepperdine-university-0
700,https://participedia.ctweb08.ct.coop/en/organizations/david-mathews-center-civic-life-0
284,https://participedia.ctweb08.ct.coop/en/organizations/de-wakkere-burger
373,https://participedia.ctweb08.ct.coop/en/organizations/debategraphorg
263,https://participedia.ctweb08.ct.coop/en/organizations/delib
4457,https://participedia.ctweb08.ct.coop/en/organizations/delib-0
225,https://participedia.ctweb08.ct.coop/en/organizations/deliberative-democracy-consortium
316,https://participedia.ctweb08.ct.coop/en/organizations/demo-net
4315,https://participedia.ctweb08.ct.coop/en/organizations/democracia-en-red
4153,https://participedia.ctweb08.ct.coop/en/organizations/democracy-practice
287,https://participedia.ctweb08.ct.coop/en/organizations/democracy-international
4536,https://participedia.ctweb08.ct.coop/en/organizations/democracyco
694,https://participedia.ctweb08.ct.coop/en/organizations/democracylab-0
268,https://participedia.ctweb08.ct.coop/en/organizations/democratic-underground
442,https://participedia.ctweb08.ct.coop/en/organizations/democratici-diretti
285,https://participedia.ctweb08.ct.coop/en/organizations/democratie-nu
359,https://participedia.ctweb08.ct.coop/en/organizations/democratise
303,https://participedia.ctweb08.ct.coop/en/organizations/democr-cia-electr-nica
289,https://participedia.ctweb08.ct.coop/en/organizations/demoex
293,https://participedia.ctweb08.ct.coop/en/organizations/demoex-uk
332,https://participedia.ctweb08.ct.coop/en/organizations/demokratie
237,https://participedia.ctweb08.ct.coop/en/organizations/demos
4929,https://participedia.ctweb08.ct.coop/en/organizations/derechos-digitales
4382,https://participedia.ctweb08.ct.coop/en/organizations/design-change
1082,https://participedia.ctweb08.ct.coop/en/organizations/deutsche-gesellschaft-f-r-technische-zusammenarbeit-gtz-gmbh
321,https://participedia.ctweb08.ct.coop/en/organizations/development-network-indigenous-voluntary-associations-deniva
1126,https://participedia.ctweb08.ct.coop/en/organizations/dialogue-learning-center
5040,https://participedia.ctweb08.ct.coop/en/organizations/diarc-dipartimento-di-architettura-universit-di-napoli-federico-ii
204,https://participedia.ctweb08.ct.coop/en/organizations/dicks-drive-restaurants
357,https://participedia.ctweb08.ct.coop/en/organizations/dimopolis
4789,https://participedia.ctweb08.ct.coop/en/organizations/dipartimento-di-scienze-umane-universit-di-udine
5175,https://participedia.ctweb08.ct.coop/en/organizations/dipartimento-programmazione-difesa-del-suolo-e-risorse-idriche-regione-valle-daosta
344,https://participedia.ctweb08.ct.coop/en/organizations/direct-democracy-ireland
535,https://participedia.ctweb08.ct.coop/en/organizations/direct-democracy-not-parliamentary-rule
5240,https://participedia.ctweb08.ct.coop/en/organizations/dottsa-arch-chiara-pignaris
5246,https://participedia.ctweb08.ct.coop/en/organizations/dottsa-arch-monia-guarino-principi-attivi-assne-professionale
308,https://participedia.ctweb08.ct.coop/en/organizations/dudley-street-neighborhood-initiative
1095,https://participedia.ctweb08.ct.coop/en/organizations/dutch-ministry-interior-and-kingdom-relations
366,https://participedia.ctweb08.ct.coop/en/organizations/d-cider-ensemble
335,https://participedia.ctweb08.ct.coop/en/organizations/e-democracyorg
363,https://participedia.ctweb08.ct.coop/en/organizations/e2d-international
4194,https://participedia.ctweb08.ct.coop/en/organizations/ecomap-india
1086,https://participedia.ctweb08.ct.coop/en/organizations/egyptian-ministry-economic-development-moed
4833,https://participedia.ctweb08.ct.coop/en/organizations/ema-environmental-management-agency-srl
211,https://participedia.ctweb08.ct.coop/en/organizations/esweerwe
1162,https://participedia.ctweb08.ct.coop/en/organizations/ethekwini-municipality
5277,https://participedia.ctweb08.ct.coop/en/organizations/ethelo
1084,https://participedia.ctweb08.ct.coop/en/organizations/ethiopian-ministry-works-and-urban-development-mwud
4778,https://participedia.ctweb08.ct.coop/en/organizations/etifor-srl
1239,https://participedia.ctweb08.ct.coop/en/organizations/etrikala
300,https://participedia.ctweb08.ct.coop/en/organizations/eudemocracia
4792,https://participedia.ctweb08.ct.coop/en/organizations/eurac-research
229,https://participedia.ctweb08.ct.coop/en/organizations/european-alternatives
800,https://participedia.ctweb08.ct.coop/en/organizations/european-alternatives-0
352,https://participedia.ctweb08.ct.coop/en/organizations/european-citizen-action-service-ecas
345,https://participedia.ctweb08.ct.coop/en/organizations/european-civic-education-foundation
1106,https://participedia.ctweb08.ct.coop/en/organizations/european-commission
201,https://participedia.ctweb08.ct.coop/en/organizations/european-institute-public-participation
785,https://participedia.ctweb08.ct.coop/en/organizations/europolis
4544,https://participedia.ctweb08.ct.coop/en/organizations/evergreen-foundation
200,https://participedia.ctweb08.ct.coop/en/organizations/everyday-democracy
315,https://participedia.ctweb08.ct.coop/en/organizations/farmer-groups-kenya
4852,https://participedia.ctweb08.ct.coop/en/organizations/fernald-citizens-advisory-board-fernald-ohio-usa
5292,https://participedia.ctweb08.ct.coop/en/organizations/fields-test
5407,https://participedia.ctweb08.ct.coop/en/organizations/fifteen-october-citizenship-institute
5396,https://participedia.ctweb08.ct.coop/en/organizations/fight-future
4523,https://participedia.ctweb08.ct.coop/en/organizations/firelight-consulting
5203,https://participedia.ctweb08.ct.coop/en/organizations/forum-dei-beni-comuni-ed-economia-solidale-del-friuli-venezia-giulia
215,https://participedia.ctweb08.ct.coop/en/organizations/foundation-peoples-south-pacific-international-fspi
5076,https://participedia.ctweb08.ct.coop/en/organizations/fraunhofer-institute-environmental-safety-and-energy-technology-umsicht
4427,https://participedia.ctweb08.ct.coop/en/organizations/free-software-foundation
279,https://participedia.ctweb08.ct.coop/en/organizations/funky-dragon
343,https://participedia.ctweb08.ct.coop/en/organizations/f-r-ndring-2011
222,https://participedia.ctweb08.ct.coop/en/organizations/gap-unit
4995,https://participedia.ctweb08.ct.coop/en/organizations/gen-why-media
5218,https://participedia.ctweb08.ct.coop/en/organizations/geosofia-knowledge-process
1080,https://participedia.ctweb08.ct.coop/en/organizations/german-federal-ministry-economic-cooperation-and-development-bmz
365,https://participedia.ctweb08.ct.coop/en/organizations/gis-participation-du-public-d-cision-d-mocratie-participative
4990,https://participedia.ctweb08.ct.coop/en/organizations/global-shapers-tunis-hub
1237,https://participedia.ctweb08.ct.coop/en/organizations/global-voices
309,https://participedia.ctweb08.ct.coop/en/organizations/gov2u
224,https://participedia.ctweb08.ct.coop/en/organizations/governance-international
1018,https://participedia.ctweb08.ct.coop/en/organizations/government-brazil
605,https://participedia.ctweb08.ct.coop/en/organizations/govtogetherbc
4994,https://participedia.ctweb08.ct.coop/en/organizations/govtrack
4323,https://participedia.ctweb08.ct.coop/en/organizations/grassroots-jerusalem
621,https://participedia.ctweb08.ct.coop/en/organizations/greater-boston-committee
699,https://participedia.ctweb08.ct.coop/en/organizations/hampton-roads-civic-engagement
223,https://participedia.ctweb08.ct.coop/en/organizations/hansard-society
567,https://participedia.ctweb08.ct.coop/en/organizations/hawaii-department-transportation
4853,https://participedia.ctweb08.ct.coop/en/organizations/health-effects-institute-united-states
252,https://participedia.ctweb08.ct.coop/en/organizations/healthy-democracy
757,https://participedia.ctweb08.ct.coop/en/organizations/heinz-nixdorf-stiftung
4692,https://participedia.ctweb08.ct.coop/en/organizations/hoover-institution
427,https://participedia.ctweb08.ct.coop/en/organizations/iap2-usa
370,https://participedia.ctweb08.ct.coop/en/organizations/idemos
270,https://participedia.ctweb08.ct.coop/en/organizations/control
251,https://participedia.ctweb08.ct.coop/en/organizations/indiana-conflict-resolution-institute
273,https://participedia.ctweb08.ct.coop/en/organizations/infed
288,https://participedia.ctweb08.ct.coop/en/organizations/initiative-and-referendum-institute-europe-iri
298,https://participedia.ctweb08.ct.coop/en/organizations/initiative-and-referendum-institute-asia
813,https://participedia.ctweb08.ct.coop/en/organizations/insights-powering-collective-thinking
356,https://participedia.ctweb08.ct.coop/en/organizations/institut-de-la-concertation-et-de-la-participation-citoyenne-icpc
1254,https://participedia.ctweb08.ct.coop/en/organizations/institut-du-nouveau-monde
1111,https://participedia.ctweb08.ct.coop/en/organizations/institut-f-r-sozialmedizin-der-universit-t-zu-l-beck
516,https://participedia.ctweb08.ct.coop/en/organizations/institute-21st-century-agoras
4685,https://participedia.ctweb08.ct.coop/en/organizations/institute-advanced-study-humanities-kwi
248,https://participedia.ctweb08.ct.coop/en/organizations/institute-citizenship
1158,https://participedia.ctweb08.ct.coop/en/organizations/institute-democratic-participatory-governance-idpg
205,https://participedia.ctweb08.ct.coop/en/organizations/institute-common-good
779,https://participedia.ctweb08.ct.coop/en/organizations/intellitics
306,https://participedia.ctweb08.ct.coop/en/organizations/interactivity-foundation
231,https://participedia.ctweb08.ct.coop/en/organizations/international-association-public-participation-ia2p
311,https://participedia.ctweb08.ct.coop/en/organizations/international-budget-partnership
325,https://participedia.ctweb08.ct.coop/en/organizations/international-civil-society-consortium
353,https://participedia.ctweb08.ct.coop/en/organizations/international-institute-democracy-and-electoral-assistance
228,https://participedia.ctweb08.ct.coop/en/organizations/international-observatory-participatory-democracy
369,https://participedia.ctweb08.ct.coop/en/organizations/international-organization-citizens-sustainable-management-societies
342,https://participedia.ctweb08.ct.coop/en/organizations/internetes-demokr-cia-p-rtja
220,https://participedia.ctweb08.ct.coop/en/organizations/involve
5282,https://participedia.ctweb08.ct.coop/en/organizations/involved
5287,https://participedia.ctweb08.ct.coop/en/organizations/involved-inc
271,https://participedia.ctweb08.ct.coop/en/organizations/involving-people
5224,https://participedia.ctweb08.ct.coop/en/organizations/ipres-istituto-pugliese-di-ricerche-economiche-e-sociali
4770,https://participedia.ctweb08.ct.coop/en/organizations/istituto-ricerca-sociale-e-avventura-urbana
207,https://participedia.ctweb08.ct.coop/en/organizations/izwe-group
4388,https://participedia.ctweb08.ct.coop/en/organizations/jacques-delors-institute-notre-europe
5039,https://participedia.ctweb08.ct.coop/en/organizations/jato-spazio-idee-ats-associazione-temporanea-di-scopo
780,https://participedia.ctweb08.ct.coop/en/organizations/jefferson-action
260,https://participedia.ctweb08.ct.coop/en/organizations/jefferson-center
1135,https://participedia.ctweb08.ct.coop/en/organizations/jeffrey-abelson
4650,https://participedia.ctweb08.ct.coop/en/organizations/justice-development-and-peace-commission-ijebu-ode-nigeria
4999,https://participedia.ctweb08.ct.coop/en/organizations/kcomunicazione
582,https://participedia.ctweb08.ct.coop/en/organizations/kentucky-center-public-issues-kentucky-usa
1164,https://participedia.ctweb08.ct.coop/en/organizations/kentucky-water-resources-research-institute
313,https://participedia.ctweb08.ct.coop/en/organizations/kettering-foundation
1352,https://participedia.ctweb08.ct.coop/en/organizations/kuna-act-board-directors
4684,https://participedia.ctweb08.ct.coop/en/organizations/la-pah-plataforma-de-afectados-por-la-hipoteca
4347,https://participedia.ctweb08.ct.coop/en/organizations/laboratorio-urbano-aperto-lua-open-urban-laboratory
4405,https://participedia.ctweb08.ct.coop/en/organizations/landless-rural-workers-movement-mst-brazil
4945,https://participedia.ctweb08.ct.coop/en/organizations/lango-youth-development-network
1171,https://participedia.ctweb08.ct.coop/en/organizations/latvian-ministry-regional-development
651,https://participedia.ctweb08.ct.coop/en/organizations/linnalabor-estonian-urban-lab
272,https://participedia.ctweb08.ct.coop/en/organizations/local-government-centre
5408,https://participedia.ctweb08.ct.coop/en/organizations/local-monitoring-research-and-implementation-association-yereliz
230,https://participedia.ctweb08.ct.coop/en/organizations/logolink
249,https://participedia.ctweb08.ct.coop/en/organizations/london-citizens
4359,https://participedia.ctweb08.ct.coop/en/organizations/making-all-voices-count-mavc
5044,https://participedia.ctweb08.ct.coop/en/organizations/malawi-human-rights-youth-network-mhryn
5268,https://participedia.ctweb08.ct.coop/en/organizations/mary-robinson-foundation-climate-justice
213,https://participedia.ctweb08.ct.coop/en/organizations/mass-lbp
4680,https://participedia.ctweb08.ct.coop/en/organizations/medialab-prado
291,https://participedia.ctweb08.ct.coop/en/organizations/mehr-demokratie
301,https://participedia.ctweb08.ct.coop/en/organizations/mehr-demokratie-austria
210,https://participedia.ctweb08.ct.coop/en/organizations/metagovernment
338,https://participedia.ctweb08.ct.coop/en/organizations/miller-rose-institute-initiative-database
1149,https://participedia.ctweb08.ct.coop/en/organizations/ministry-abuja
1248,https://participedia.ctweb08.ct.coop/en/organizations/ministry-health-brazil
1235,https://participedia.ctweb08.ct.coop/en/organizations/ministry-public-administration-and-security-republic-korea
1053,https://participedia.ctweb08.ct.coop/en/organizations/ministry-environment-germany
4420,https://participedia.ctweb08.ct.coop/en/organizations/minist-rio-p-blico-federal-do-brasil
5150,https://participedia.ctweb08.ct.coop/en/organizations/mission-humanitaire
355,https://participedia.ctweb08.ct.coop/en/organizations/mississippi-river-commission
5103,https://participedia.ctweb08.ct.coop/en/organizations/model-westminster
1586,https://participedia.ctweb08.ct.coop/en/organizations/montreals-office-public-consultation-office-loffice-de-consultation-publique-de-montr
4455,https://participedia.ctweb08.ct.coop/en/organizations/mosaiclab
4173,https://participedia.ctweb08.ct.coop/en/organizations/moveon
786,https://participedia.ctweb08.ct.coop/en/organizations/municipality-florence
5388,https://participedia.ctweb08.ct.coop/en/organizations/municipality-turin
574,https://participedia.ctweb08.ct.coop/en/organizations/municipality-utrecht
4152,https://participedia.ctweb08.ct.coop/en/organizations/my-city-market
203,https://participedia.ctweb08.ct.coop/en/organizations/mysociety
4968,https://participedia.ctweb08.ct.coop/en/organizations/national-association-patient-participation-napp-england
240,https://participedia.ctweb08.ct.coop/en/organizations/national-co-ordinating-centre-public-engagement
212,https://participedia.ctweb08.ct.coop/en/organizations/national-coalition-dialogue-deliberation
4856,https://participedia.ctweb08.ct.coop/en/organizations/national-environmental-justice-advisory-council-united-states
337,https://participedia.ctweb08.ct.coop/en/organizations/national-initiative-democracy
4857,https://participedia.ctweb08.ct.coop/en/organizations/national-institute-health-and-clinical-excellence-citizens-council
4790,https://participedia.ctweb08.ct.coop/en/organizations/neighborhoods-organizing-change-noc
346,https://participedia.ctweb08.ct.coop/en/organizations/neuk-hn
4282,https://participedia.ctweb08.ct.coop/en/organizations/new-forms-participation-finland-research-project
638,https://participedia.ctweb08.ct.coop/en/organizations/new-hampshire-listens
523,https://participedia.ctweb08.ct.coop/en/organizations/new-jersey-coalition-public-good
561,https://participedia.ctweb08.ct.coop/en/organizations/new-york-department-environmental-conservation
421,https://participedia.ctweb08.ct.coop/en/organizations/new-york-faith-justice
583,https://participedia.ctweb08.ct.coop/en/organizations/new-york-state-department-environmental-conservation
216,https://participedia.ctweb08.ct.coop/en/organizations/newdemocracy-foundation-0
358,https://participedia.ctweb08.ct.coop/en/organizations/newid
5233,https://participedia.ctweb08.ct.coop/en/organizations/next-nuove-energie-il-territorio
4859,https://participedia.ctweb08.ct.coop/en/organizations/nigerian-urban-reproductive-health-initiative
4822,https://participedia.ctweb08.ct.coop/en/organizations/noema
4866,https://participedia.ctweb08.ct.coop/en/organizations/northern-ireland-patient-and-client-council
282,https://participedia.ctweb08.ct.coop/en/organizations/observatoire-parisien-de-la-d-mocratie-locale
522,https://participedia.ctweb08.ct.coop/en/organizations/occupy-seattle
517,https://participedia.ctweb08.ct.coop/en/organizations/occupy-vancouver
4786,https://participedia.ctweb08.ct.coop/en/organizations/occupyghana
1151,https://participedia.ctweb08.ct.coop/en/organizations/office-president-mongolia
1129,https://participedia.ctweb08.ct.coop/en/organizations/ohio-latino-affairs-commission
290,https://participedia.ctweb08.ct.coop/en/organizations/omnibus-direct-democracy
362,https://participedia.ctweb08.ct.coop/en/organizations/online-party-canada
1249,https://participedia.ctweb08.ct.coop/en/organizations/ontario-provincial-government
347,https://participedia.ctweb08.ct.coop/en/organizations/open-government
654,https://participedia.ctweb08.ct.coop/en/organizations/open-north
1182,https://participedia.ctweb08.ct.coop/en/organizations/open-society-institute-sofia
314,https://participedia.ctweb08.ct.coop/en/organizations/opendemocracy-russia
4373,https://participedia.ctweb08.ct.coop/en/organizations/openmedia
1252,https://participedia.ctweb08.ct.coop/en/organizations/openpolis
5193,https://participedia.ctweb08.ct.coop/en/organizations/ordine-degli-architetti-pianificatori-paesaggisti-e-conservatori-di-imperia
657,https://participedia.ctweb08.ct.coop/en/organizations/oregons-kitchen-table
719,https://participedia.ctweb08.ct.coop/en/organizations/oregons-kitchen-table-0
4497,https://participedia.ctweb08.ct.coop/en/organizations/oursay
4522,https://participedia.ctweb08.ct.coop/en/organizations/out-box-consulting
4487,https://participedia.ctweb08.ct.coop/en/organizations/pakistan-institute-legislative-development-and-transparency
354,https://participedia.ctweb08.ct.coop/en/organizations/pan-european-e-participation-network-pep-net
1127,https://participedia.ctweb08.ct.coop/en/organizations/participant
5163,https://participedia.ctweb08.ct.coop/en/organizations/participatieraad-participation-council-netherlands
334,https://participedia.ctweb08.ct.coop/en/organizations/participation-and-sustainable-development-europe
238,https://participedia.ctweb08.ct.coop/en/organizations/participation-cymru
278,https://participedia.ctweb08.ct.coop/en/organizations/participation-unit-save-children-wales
277,https://participedia.ctweb08.ct.coop/en/organizations/participation-workers-network-wales
233,https://participedia.ctweb08.ct.coop/en/organizations/participation-works
217,https://participedia.ctweb08.ct.coop/en/organizations/participatory-budgeting-unit-manchester-uk
2617,https://participedia.ctweb08.ct.coop/en/organizations/participatory-politics-foundation
239,https://participedia.ctweb08.ct.coop/en/organizations/participatory-practitioners-change
245,https://participedia.ctweb08.ct.coop/en/organizations/participatory-training
4330,https://participedia.ctweb08.ct.coop/en/organizations/particitiz-participation-and-citizenship
764,https://participedia.ctweb08.ct.coop/en/organizations/partido-da-terra-party-earth-party-land
305,https://participedia.ctweb08.ct.coop/en/organizations/partido-de-internet
1597,https://participedia.ctweb08.ct.coop/en/organizations/partido-de-la-red-net-party
258,https://participedia.ctweb08.ct.coop/en/organizations/pasok-political-party
1070,https://participedia.ctweb08.ct.coop/en/organizations/pb-partners
594,https://participedia.ctweb08.ct.coop/en/organizations/penn-project-civic-engagement
253,https://participedia.ctweb08.ct.coop/en/organizations/pew-center-civic-journalism
656,https://participedia.ctweb08.ct.coop/en/organizations/pirate-parties
704,https://participedia.ctweb08.ct.coop/en/organizations/pirate-parties-across-world
479,https://participedia.ctweb08.ct.coop/en/organizations/placespeak
367,https://participedia.ctweb08.ct.coop/en/organizations/plataforma-mesa-de-la-r
578,https://participedia.ctweb08.ct.coop/en/organizations/poitou-charentes-regional-council
4855,https://participedia.ctweb08.ct.coop/en/organizations/policy-council-kentucky-center-public-issues-kentucky-usa
4138,https://participedia.ctweb08.ct.coop/en/organizations/positiondial
256,https://participedia.ctweb08.ct.coop/en/organizations/president-clintons-initiative-race
1081,https://participedia.ctweb08.ct.coop/en/organizations/prime-minister-s-office-regional-administration-and-local-government-pmo-ralg-tanzania
4290,https://participedia.ctweb08.ct.coop/en/organizations/procedere
455,https://participedia.ctweb08.ct.coop/en/organizations/propuestas-por-m-xico-prom-xico
265,https://participedia.ctweb08.ct.coop/en/organizations/public-agenda
250,https://participedia.ctweb08.ct.coop/en/organizations/public-conversations-project
1144,https://participedia.ctweb08.ct.coop/en/organizations/queensland-state-government
294,https://participedia.ctweb08.ct.coop/en/organizations/referendum-platform
1046,https://participedia.ctweb08.ct.coop/en/organizations/regards-citoyens
569,https://participedia.ctweb08.ct.coop/en/organizations/region-tuscany
1355,https://participedia.ctweb08.ct.coop/en/organizations/regional-council-veneto
798,https://participedia.ctweb08.ct.coop/en/organizations/regional-district-okanagan-similkameen
1267,https://participedia.ctweb08.ct.coop/en/organizations/regional-ministry-innovation-science-and-enterprise-andalusia
5004,https://participedia.ctweb08.ct.coop/en/organizations/regione-puglia
4884,https://participedia.ctweb08.ct.coop/en/organizations/residents-defence-yungay-neighbourhood-vecinos-por-la-defensa-del-barrio-yungay
4325,https://participedia.ctweb08.ct.coop/en/organizations/resolve
4411,https://participedia.ctweb08.ct.coop/en/organizations/roots-change
472,https://participedia.ctweb08.ct.coop/en/organizations/royal-institution-australia-riaus
5248,https://participedia.ctweb08.ct.coop/en/organizations/rule-law-empowerment-initiative-partners-west-africa-nigeria-pwan
646,https://participedia.ctweb08.ct.coop/en/organizations/sadhana
1362,https://participedia.ctweb08.ct.coop/en/organizations/science-society-programme-european-commission
274,https://participedia.ctweb08.ct.coop/en/organizations/sciencewise
275,https://participedia.ctweb08.ct.coop/en/organizations/scottish-community-development-centre
2384,https://participedia.ctweb08.ct.coop/en/organizations/scottish-health-council
4867,https://participedia.ctweb08.ct.coop/en/organizations/seattle-neighborhood-city-council
4597,https://participedia.ctweb08.ct.coop/en/organizations/secwepemc-womens-warrior-society
1054,https://participedia.ctweb08.ct.coop/en/organizations/senate-department-urban-development-berlin
299,https://participedia.ctweb08.ct.coop/en/organizations/senator-online
641,https://participedia.ctweb08.ct.coop/en/organizations/seoul-national-university
209,https://participedia.ctweb08.ct.coop/en/organizations/shape-burlington
576,https://participedia.ctweb08.ct.coop/en/organizations/shaping-americas-youth-say
5266,https://participedia.ctweb08.ct.coop/en/organizations/sharecast-initiative-nepal
1617,https://participedia.ctweb08.ct.coop/en/organizations/shared-future-cic
537,https://participedia.ctweb08.ct.coop/en/organizations/shoreline-master-program-update-kitsap-county
1260,https://participedia.ctweb08.ct.coop/en/organizations/simon-fraser-university-centre-dialogue
4454,https://participedia.ctweb08.ct.coop/en/organizations/simply-speaking-seanachai
4320,https://participedia.ctweb08.ct.coop/en/organizations/simsim-participation-citoyenne
4360,https://participedia.ctweb08.ct.coop/en/organizations/social-justice-coalition-sjc
1271,https://participedia.ctweb08.ct.coop/en/organizations/society-participatory-research-asia-pria-new-delhi-india
4151,https://participedia.ctweb08.ct.coop/en/organizations/sociocracyinfo
4371,https://participedia.ctweb08.ct.coop/en/organizations/sociolab
945,https://participedia.ctweb08.ct.coop/en/organizations/song-citizen
4835,https://participedia.ctweb08.ct.coop/en/organizations/sophie-guillain
202,https://participedia.ctweb08.ct.coop/en/organizations/sopinspace
4238,https://participedia.ctweb08.ct.coop/en/organizations/sopot-development-initiative-sir-sopocka-inicjatywa-rozwojowa
5148,https://participedia.ctweb08.ct.coop/en/organizations/sozialforschungsstelle-tu-dortmund-sfs
5067,https://participedia.ctweb08.ct.coop/en/organizations/stadt-engen
1269,https://participedia.ctweb08.ct.coop/en/organizations/state-chancellery-republic-estonia
371,https://participedia.ctweb08.ct.coop/en/organizations/stichting-lodewijk-de-raet
4541,https://participedia.ctweb08.ct.coop/en/organizations/still-moon-arts-society
4453,https://participedia.ctweb08.ct.coop/en/organizations/straight-talk
5299,https://participedia.ctweb08.ct.coop/en/organizations/street-law
4520,https://participedia.ctweb08.ct.coop/en/organizations/strengthening-participatory-organizations-spo
4888,https://participedia.ctweb08.ct.coop/en/organizations/studio-agronomico-giannantoni-e-arch-pochini
4281,https://participedia.ctweb08.ct.coop/en/organizations/sustainable-jersey
326,https://participedia.ctweb08.ct.coop/en/organizations/sustained-dialogue-institute
327,https://participedia.ctweb08.ct.coop/en/organizations/sustained-dialogue-institute-0
360,https://participedia.ctweb08.ct.coop/en/organizations/svojpolitiksi
364,https://participedia.ctweb08.ct.coop/en/organizations/tac-cordillera-taller-de-acci-n-comunitaria
4518,https://participedia.ctweb08.ct.coop/en/organizations/tanqeed
717,https://participedia.ctweb08.ct.coop/en/organizations/tasmania-together
323,https://participedia.ctweb08.ct.coop/en/organizations/ted
304,https://participedia.ctweb08.ct.coop/en/organizations/telematics-freedom-foundation
4576,https://participedia.ctweb08.ct.coop/en/organizations/tenant-association-punjab
276,https://participedia.ctweb08.ct.coop/en/organizations/tenant-participation-advisory-service-cymru
1173,https://participedia.ctweb08.ct.coop/en/organizations/terra-1530
711,https://participedia.ctweb08.ct.coop/en/organizations/american-democracy-project
269,https://participedia.ctweb08.ct.coop/en/organizations/annenberg-institute-school-reform-0
4991,https://participedia.ctweb08.ct.coop/en/organizations/association-protection-jemnas-oasis-apjo
4808,https://participedia.ctweb08.ct.coop/en/organizations/british-government
1585,https://participedia.ctweb08.ct.coop/en/organizations/bureau-d-audiences-publiques-sur-l-environnement-office-environmental-public-hearings
318,https://participedia.ctweb08.ct.coop/en/organizations/center-deliberative-democracy
437,https://participedia.ctweb08.ct.coop/en/organizations/center-deliberative-democracy-stanford-university
712,https://participedia.ctweb08.ct.coop/en/organizations/center-ethical-leadership
708,https://participedia.ctweb08.ct.coop/en/organizations/center-voter-deliberation-northern-virginia-2
266,https://participedia.ctweb08.ct.coop/en/organizations/centre-humanitarian-dialogue
232,https://participedia.ctweb08.ct.coop/en/organizations/co-intelligence-institute
261,https://participedia.ctweb08.ct.coop/en/organizations/common-enterprise
5165,https://participedia.ctweb08.ct.coop/en/organizations/constitution-unit
235,https://participedia.ctweb08.ct.coop/en/organizations/consultation-institute
4187,https://participedia.ctweb08.ct.coop/en/organizations/danish-board-technology-foundation-dbt
678,https://participedia.ctweb08.ct.coop/en/organizations/de-borda-institute
317,https://participedia.ctweb08.ct.coop/en/organizations/democracy-imperative
532,https://participedia.ctweb08.ct.coop/en/organizations/digital-activism-research-project
4966,https://participedia.ctweb08.ct.coop/en/organizations/federation-rural-and-urban-poor
5130,https://participedia.ctweb08.ct.coop/en/organizations/fifteenth-october-citizenship-institute
302,https://participedia.ctweb08.ct.coop/en/organizations/freechild-project
262,https://participedia.ctweb08.ct.coop/en/organizations/freedom-house
608,https://participedia.ctweb08.ct.coop/en/organizations/freerz-community
706,https://participedia.ctweb08.ct.coop/en/organizations/greenlining-institute-0
4428,https://participedia.ctweb08.ct.coop/en/organizations/guelph-neigbourhood-support-coalition
324,https://participedia.ctweb08.ct.coop/en/organizations/harwood-institute-public-innovation
329,https://participedia.ctweb08.ct.coop/en/organizations/institute-civic-discourse-democracy
5304,https://participedia.ctweb08.ct.coop/en/organizations/irish-citizens-assembly
264,https://participedia.ctweb08.ct.coop/en/organizations/keystone-center
330,https://participedia.ctweb08.ct.coop/en/organizations/league-women-voters
372,https://participedia.ctweb08.ct.coop/en/organizations/newdemocracy-foundation
1157,https://participedia.ctweb08.ct.coop/en/organizations/open-ministry-avoin-ministeri
4377,https://participedia.ctweb08.ct.coop/en/organizations/participatory-budgeting-project
341,https://participedia.ctweb08.ct.coop/en/organizations/people-decide
4376,https://participedia.ctweb08.ct.coop/en/organizations/pew-center-civic-journalism-0
4480,https://participedia.ctweb08.ct.coop/en/organizations/second-floor-cafe
4148,https://participedia.ctweb08.ct.coop/en/organizations/sociocracy-consulting-group
4329,https://participedia.ctweb08.ct.coop/en/organizations/world-bank
1609,https://participedia.ctweb08.ct.coop/en/organizations/young-foundation
5191,https://participedia.ctweb08.ct.coop/en/organizations/youth-cafe
4963,https://participedia.ctweb08.ct.coop/en/organizations/zapatista-army-national-liberation-ezln-ej-rcito-zapatista-de-liberaci-n-nacional
244,https://participedia.ctweb08.ct.coop/en/organizations/together-creating-communities
206,https://participedia.ctweb08.ct.coop/en/organizations/transpartisan-alliance
5081,https://participedia.ctweb08.ct.coop/en/organizations/tuscanys-regional-authority-promotion-participation-app
584,https://participedia.ctweb08.ct.coop/en/organizations/us-department-energy
581,https://participedia.ctweb08.ct.coop/en/organizations/us-environmental-protection-agency-epa
257,https://participedia.ctweb08.ct.coop/en/organizations/uk-youth-parliament
4439,https://participedia.ctweb08.ct.coop/en/organizations/unicef
4989,https://participedia.ctweb08.ct.coop/en/organizations/union-unemployed-graduates-udc-tunisia
349,https://participedia.ctweb08.ct.coop/en/organizations/united-minds
4310,https://participedia.ctweb08.ct.coop/en/organizations/united-national-indian-youth-unity
1076,https://participedia.ctweb08.ct.coop/en/organizations/united-nations
4312,https://participedia.ctweb08.ct.coop/en/organizations/united-nations-development-programme-undp
4925,https://participedia.ctweb08.ct.coop/en/organizations/university-pittsburgh-center-urban-and-social-research
1078,https://participedia.ctweb08.ct.coop/en/organizations/university-andes
247,https://participedia.ctweb08.ct.coop/en/organizations/unlock-democracy
236,https://participedia.ctweb08.ct.coop/en/organizations/urban-forum
4219,https://participedia.ctweb08.ct.coop/en/organizations/urban-interactive-studio
620,https://participedia.ctweb08.ct.coop/en/organizations/urban-planning-aid
1048,https://participedia.ctweb08.ct.coop/en/organizations/us-department-health-and-human-services
1050,https://participedia.ctweb08.ct.coop/en/organizations/us-department-health-and-human-services-alternatives-inc
368,https://participedia.ctweb08.ct.coop/en/organizations/uvic-constitutional-law-class-20112012
4406,https://participedia.ctweb08.ct.coop/en/organizations/campesina
602,https://participedia.ctweb08.ct.coop/en/organizations/viewpoint-learning
1146,https://participedia.ctweb08.ct.coop/en/organizations/vorarlberg-state-government
4690,https://participedia.ctweb08.ct.coop/en/organizations/voto-mobile
4316,https://participedia.ctweb08.ct.coop/en/organizations/vouliwatch
564,https://participedia.ctweb08.ct.coop/en/organizations/washington-county-citizen-participation-organization
563,https://participedia.ctweb08.ct.coop/en/organizations/washington-county-long-range-planning-division
310,https://participedia.ctweb08.ct.coop/en/organizations/white-citizens-council-council-conservative-citizens
307,https://participedia.ctweb08.ct.coop/en/organizations/white-house-office-public-engagement
447,https://participedia.ctweb08.ct.coop/en/organizations/wikivote
4416,https://participedia.ctweb08.ct.coop/en/organizations/without-my-consent
4516,https://participedia.ctweb08.ct.coop/en/organizations/womens-action-forum-waf
4946,https://participedia.ctweb08.ct.coop/en/organizations/womens-advocacy-network-uganda
709,https://participedia.ctweb08.ct.coop/en/organizations/world-wide-views-global-warming-overview-and-analysis
4974,https://participedia.ctweb08.ct.coop/en/organizations/wuppertal-institut-f-r-klima-umwelt-energie-ggmbh
4452,https://participedia.ctweb08.ct.coop/en/organizations/yougov
1618,https://participedia.ctweb08.ct.coop/en/organizations/young-advisors-charity
4910,https://participedia.ctweb08.ct.coop/en/organizations/youngstars-foundation
4592,https://participedia.ctweb08.ct.coop/en/organizations/yoursay
5177,https://participedia.ctweb08.ct.coop/en/organizations/youth-outreach-programme-yop
4308,https://participedia.ctweb08.ct.coop/en/organizations/youthdebatesorg
296,https://participedia.ctweb08.ct.coop/en/organizations/z-communications
1013,https://participedia.ctweb08.ct.coop/en/organizations/zebralog
648,https://participedia.ctweb08.ct.coop/en/organizations/zebralog-experts-eparticipation
5250,https://participedia.ctweb08.ct.coop/en/organizations/nous-la-d-mocratie
1855,https://participedia.ctweb08.ct.coop/en/organizations/gut-austrian-society-environment-and-technology
5066,https://participedia.ctweb08.ct.coop/en/node/5066
5060,https://participedia.ctweb08.ct.coop/en/node/5060
771,https://participedia.ctweb08.ct.coop/en/node/771
4560,https://participedia.ctweb08.ct.coop/en/node/4560
5064,https://participedia.ctweb08.ct.coop/en/node/5064
5062,https://participedia.ctweb08.ct.coop/en/node/5062
5065,https://participedia.ctweb08.ct.coop/en/node/5065
776,https://participedia.ctweb08.ct.coop/en/node/776